id,first_name,last_name,email,gender,ip_address
1,Sarita,Danher,sdanher0@cisco.com,Female,229.230.117.12
2,Merla,Osan,mosan1@meetup.com,Female,126.130.102.239
3,Vergil,Knowles,vknowles2@netscape.com,Male,116.17.192.92
4,Sianna,Stollenbeck,sstollenbeck3@weebly.com,Non-binary,255.49.114.190
5,Cristie,Pettican,cpettican4@canalblog.com,Female,124.62.170.94
6,Deena,Dennington,ddennington5@earthlink.net,Female,150.194.200.199
7,Melodie,Aizkovitch,maizkovitch6@istockphoto.com,Genderqueer,202.117.0.187
8,Ebonee,Paulsen,epaulsen7@moonfruit.com,Female,137.57.114.236
9,Ruddie,Reignolds,rreignolds8@utexas.edu,Male,136.20.131.72
10,Eddy,Foucard,efoucard9@purevolume.com,Male,118.7.83.74
11,Lorenzo,McMeekan,lmcmeekana@flavors.me,Male,199.2.240.250
12,Elsie,Ammer,eammerb@ovh.net,Female,188.198.100.200
13,Sheila-kathryn,MacEntee,smacenteec@barnesandnoble.com,Female,112.183.91.119
14,Crystal,Jaze,cjazed@hc360.com,Female,49.164.115.60
15,Gibby,Gimson,ggimsone@ocn.ne.jp,Male,77.211.122.218
16,Rosette,Joselovitch,rjoselovitchf@gmpg.org,Female,70.0.171.231
17,Bonny,Mongin,bmonging@uol.com.br,Female,212.35.144.150
18,Ferdinand,Ganders,fgandersh@amazon.co.uk,Polygender,80.100.141.146
19,Prinz,Jersh,pjershi@wordpress.com,Male,67.18.41.166
20,Cathy,Eskriett,ceskriettj@ted.com,Female,38.159.199.110
21,Kurtis,Fermoy,kfermoyk@illinois.edu,Male,208.246.149.220
22,Kylynn,Eglese,keglesel@a8.net,Female,187.153.83.166
23,Edy,Geaves,egeavesm@google.ru,Female,60.41.218.201
24,Godiva,Twittey,gtwitteyn@cocolog-nifty.com,Female,148.167.60.74
25,Marketa,Rathbone,mrathboneo@adobe.com,Polygender,93.159.146.133
26,Bert,Bristo,bbristop@ted.com,Female,102.78.5.77
27,Pen,Mallett,pmallettq@vkontakte.ru,Female,241.104.85.101
28,Godard,Streeten,gstreetenr@nhs.uk,Male,165.196.0.136
29,Bidget,Greed,bgreeds@wikimedia.org,Female,110.138.29.95
30,Taylor,Ciobutaro,tciobutarot@discovery.com,Male,251.234.51.195
31,Marv,Jobke,mjobkeu@nih.gov,Male,136.54.195.220
32,Haily,Capun,hcapunv@amazon.co.uk,Male,53.206.107.15
33,Paquito,Showte,pshowtew@amazon.com,Male,15.159.103.182
34,Northrop,Scolland,nscollandx@yellowbook.com,Male,23.7.222.82
35,Gill,Vallentin,gvallentiny@gov.uk,Female,180.43.221.110
36,Adolph,Archbell,aarchbellz@sun.com,Male,191.6.16.6
37,Odey,McCaughan,omccaughan10@gravatar.com,Male,25.151.249.178
38,Yetta,Cockrell,ycockrell11@technorati.com,Bigender,235.0.96.154
39,Vidovik,MacAlpine,vmacalpine12@archive.org,Male,133.69.78.236
40,Erich,Rubin,erubin13@bloomberg.com,Male,93.46.16.107
41,Lemar,Tranmer,ltranmer14@google.pl,Male,88.104.37.201
42,Guthrey,Lindbergh,glindbergh15@netvibes.com,Male,18.94.153.37
43,Franklyn,Yantsurev,fyantsurev16@netscape.com,Male,178.25.72.40
44,Celka,Dobinson,cdobinson17@patch.com,Female,73.140.167.84
45,Grant,Enever,genever18@nationalgeographic.com,Male,125.21.204.114
46,Irving,Janeczek,ijaneczek19@unc.edu,Male,5.184.232.250
47,Dre,Cosby,dcosby1a@kickstarter.com,Female,160.4.237.69
48,Vita,Miles,vmiles1b@rediff.com,Female,186.218.161.161
49,Madison,Beddard,mbeddard1c@phoca.cz,Male,46.21.47.54
50,Fidelio,Iacovo,fiacovo1d@lulu.com,Male,173.142.92.105
51,Reece,Haldene,rhaldene1e@hud.gov,Polygender,241.88.156.79
52,Alice,Fridlington,afridlington1f@arstechnica.com,Female,53.173.246.106
53,Patricia,Leer,pleer1g@tinypic.com,Female,208.97.15.30
54,Hamil,Courvert,hcourvert1h@bigcartel.com,Bigender,208.224.158.40
55,Piggy,Yuille,pyuille1i@columbia.edu,Male,142.147.122.211
56,Stephani,Lundberg,slundberg1j@fema.gov,Bigender,15.3.233.230
57,Milicent,Gallgher,mgallgher1k@meetup.com,Female,184.16.254.182
58,Fonz,Drabble,fdrabble1l@amazon.de,Male,174.58.95.63
59,Quintus,Reany,qreany1m@webeden.co.uk,Male,127.154.57.113
60,Ellis,Egdal,eegdal1n@cnet.com,Male,87.223.31.175
61,Ashlan,Napton,anapton1o@cpanel.net,Female,98.12.181.120
62,Miner,Pardon,mpardon1p@whitehouse.gov,Male,211.176.69.14
63,Rachelle,Ziemsen,rziemsen1q@tiny.cc,Female,195.228.65.226
64,Evie,Jantel,ejantel1r@multiply.com,Female,78.33.107.102
65,Lauren,Pleasance,lpleasance1s@mediafire.com,Female,68.14.205.179
66,Drew,Demonge,ddemonge1t@aboutads.info,Male,35.203.49.238
67,Austina,Senior,asenior1u@unesco.org,Female,239.82.94.188
68,Consalve,Brimblecombe,cbrimblecombe1v@shinystat.com,Male,252.198.163.232
69,Dorotea,Milam,dmilam1w@twitter.com,Female,92.40.222.65
70,Timothy,Ratchford,tratchford1x@alibaba.com,Male,224.134.48.207
71,Alysa,Bromwich,abromwich1y@tinypic.com,Female,178.162.93.233
72,Brigg,Porcher,bporcher1z@boston.com,Male,40.10.35.237
73,Arie,Dibson,adibson20@indiatimes.com,Male,106.253.123.50
74,Kellby,Goulden,kgoulden21@ovh.net,Male,82.83.186.152
75,Dex,Shaefer,dshaefer22@upenn.edu,Male,44.207.243.140
76,Quillan,Drakeford,qdrakeford23@prnewswire.com,Male,219.75.104.110
77,Rozelle,Stodart,rstodart24@discuz.net,Female,100.241.55.80
78,Roxanna,Cancellor,rcancellor25@gov.uk,Female,63.13.95.238
79,Georg,Leeves,gleeves26@webnode.com,Male,214.192.127.117
80,Bay,Yesenin,byesenin27@istockphoto.com,Male,215.168.224.106
81,Maud,Sperrett,msperrett28@hhs.gov,Female,70.199.173.152
82,Carole,Gommey,cgommey29@mit.edu,Female,5.226.50.66
83,Melesa,Watkinson,mwatkinson2a@zdnet.com,Female,56.191.212.114
84,Jennette,Wilber,jwilber2b@imgur.com,Female,214.59.247.198
85,Fidela,Nevitt,fnevitt2c@github.com,Female,254.17.79.84
86,Benoit,Delleschi,bdelleschi2d@elegantthemes.com,Male,203.195.168.175
87,Frants,Airs,fairs2e@hp.com,Male,6.244.172.114
88,Sondra,Barford,sbarford2f@omniture.com,Female,192.49.44.13
89,Irwinn,Luckey,iluckey2g@a8.net,Polygender,43.206.148.4
90,Sheelah,Sprowell,ssprowell2h@dagondesign.com,Female,239.131.195.69
91,Fiona,Piburn,fpiburn2i@cnbc.com,Female,209.59.123.204
92,Hasheem,Goad,hgoad2j@prnewswire.com,Male,17.37.182.253
93,Ced,Whitebread,cwhitebread2k@unc.edu,Male,147.79.241.59
94,Ravid,Utton,rutton2l@prweb.com,Male,40.49.193.107
95,Valentine,Margrie,vmargrie2m@cnbc.com,Female,150.26.127.73
96,Arlyne,Lavin,alavin2n@moonfruit.com,Female,239.138.35.47
97,Annabela,Castaignet,acastaignet2o@epa.gov,Female,87.47.71.118
98,Lilian,Smeath,lsmeath2p@walmart.com,Female,47.166.103.193
99,Evelyn,Niblo,eniblo2q@bizjournals.com,Male,184.39.151.48
100,Wilhelmine,Wingham,wwingham2r@e-recht24.de,Female,18.246.71.163
101,Katharyn,Huband,khuband2s@oaic.gov.au,Female,210.236.182.146
102,Pyotr,Irvine,pirvine2t@ft.com,Male,160.59.212.174
103,Merry,Pitney,mpitney2u@sourceforge.net,Male,105.113.118.178
104,Thorpe,Brissenden,tbrissenden2v@google.fr,Bigender,229.182.219.143
105,Kitty,Barth,kbarth2w@umich.edu,Agender,132.104.218.189
106,Felizio,Terbruggen,fterbruggen2x@utexas.edu,Male,171.228.178.38
107,Lina,McAdam,lmcadam2y@amazonaws.com,Female,175.243.134.98
108,Max,Gruszecki,mgruszecki2z@dyndns.org,Agender,101.226.213.49
109,Noach,Smalman,nsmalman30@abc.net.au,Male,80.150.87.202
110,Warden,Morrissey,wmorrissey31@is.gd,Male,87.225.26.109
111,Yasmeen,Blore,yblore32@go.com,Female,9.188.175.90
112,Louisette,Claworth,lclaworth33@hubpages.com,Female,68.180.176.153
113,Durant,Allenby,dallenby34@blogspot.com,Male,101.198.62.77
114,Ruddie,Uebel,ruebel35@quantcast.com,Male,140.208.197.85
115,Diahann,Maryon,dmaryon36@google.pl,Female,153.254.65.208
116,Adoree,Girvin,agirvin37@bravesites.com,Female,150.234.95.55
117,Corbett,Ambroz,cambroz38@github.io,Male,56.126.237.3
118,Bord,Andreev,bandreev39@addtoany.com,Male,236.86.223.187
119,Raleigh,Mather,rmather3a@pen.io,Male,134.127.26.247
120,Seamus,Veasey,sveasey3b@loc.gov,Male,44.37.46.226
121,Neddy,Stucksbury,nstucksbury3c@unicef.org,Male,227.183.222.180
122,Cybill,Cutts,ccutts3d@whitehouse.gov,Female,127.199.248.141
123,Fonsie,Lenoir,flenoir3e@furl.net,Male,86.10.14.93
124,Michelina,McGready,mmcgready3f@ask.com,Female,58.4.204.228
125,Hollie,Ferrotti,hferrotti3g@opera.com,Female,171.30.106.200
126,Elihu,Cluelow,ecluelow3h@umn.edu,Male,118.46.217.116
127,Terrie,Chamberlen,tchamberlen3i@google.co.uk,Female,158.92.189.245
128,Griz,Thorby,gthorby3j@nature.com,Male,182.104.32.186
129,Heall,Decayette,hdecayette3k@epa.gov,Male,34.171.159.173
130,Artair,Josowitz,ajosowitz3l@pen.io,Male,91.136.166.16
131,Durand,Claridge,dclaridge3m@berkeley.edu,Male,117.114.87.107
132,Jarid,Roz,jroz3n@cam.ac.uk,Male,255.231.184.156
133,Pamelina,Mahon,pmahon3o@dropbox.com,Female,238.198.101.191
134,Duky,Basant,dbasant3p@spotify.com,Male,224.250.42.69
135,Sarajane,Cristofvao,scristofvao3q@amazon.co.uk,Female,127.191.230.180
136,Sigmund,Huggan,shuggan3r@yale.edu,Male,129.191.82.12
137,Stan,Frickey,sfrickey3s@artisteer.com,Polygender,92.1.92.163
138,Stoddard,Divill,sdivill3t@linkedin.com,Female,216.1.184.90
139,Alleyn,Fink,afink3u@odnoklassniki.ru,Male,91.114.204.225
140,Allen,Pomphrey,apomphrey3v@slashdot.org,Male,53.244.159.83
141,Joshuah,Lutzmann,jlutzmann3w@issuu.com,Male,143.105.28.217
142,Baillie,Faas,bfaas3x@disqus.com,Male,204.33.127.223
143,Bentlee,Heinreich,bheinreich3y@networksolutions.com,Male,159.137.160.122
144,Jenine,Thridgould,jthridgould3z@issuu.com,Female,34.212.21.197
145,Karina,Spaule,kspaule40@pen.io,Female,160.125.35.249
146,Lesley,Zuenelli,lzuenelli41@china.com.cn,Male,36.203.216.199
147,Griswold,McCambrois,gmccambrois42@sun.com,Male,64.45.28.252
148,Liesa,Von Der Empten,lvonderempten43@yahoo.com,Agender,160.87.230.70
149,Emory,Clegg,eclegg44@google.ca,Polygender,178.120.16.160
150,Phillipe,Aldwich,paldwich45@mapy.cz,Male,208.17.92.15
151,Robinet,Doggerell,rdoggerell46@ocn.ne.jp,Male,43.71.5.10
152,Isidora,Mollon,imollon47@example.com,Female,225.182.7.58
153,Giraldo,Bleasdille,gbleasdille48@va.gov,Male,12.21.102.37
154,Caresse,Kacheler,ckacheler49@mapquest.com,Genderqueer,157.164.249.151
155,Helga,Covotto,hcovotto4a@geocities.jp,Genderqueer,110.43.93.51
156,Miof mela,Boullen,mboullen4b@toplist.cz,Female,157.199.112.174
157,Nancie,Arkle,narkle4c@ihg.com,Female,13.80.7.58
158,Carlynne,Whatman,cwhatman4d@earthlink.net,Female,233.184.253.155
159,Early,Espin,eespin4e@state.gov,Male,33.120.215.178
160,Hedvig,Jeffress,hjeffress4f@photobucket.com,Female,249.107.243.241
161,Timothy,Worms,tworms4g@dailymail.co.uk,Male,61.96.109.191
162,Hunfredo,McIan,hmcian4h@webmd.com,Male,251.36.73.226
163,Yevette,Wride,ywride4i@acquirethisname.com,Female,11.132.156.170
164,Uriel,Motto,umotto4j@bing.com,Male,55.64.2.200
165,Tera,Speeks,tspeeks4k@blogtalkradio.com,Genderqueer,198.50.127.171
166,Gusti,McBean,gmcbean4l@youtu.be,Female,173.185.17.55
167,Miquela,Chetter,mchetter4m@instagram.com,Female,105.149.247.96
168,Almire,Evert,aevert4n@bandcamp.com,Female,232.28.173.242
169,Ester,Scawn,escawn4o@phoca.cz,Female,132.219.242.109
170,Charmain,Guidone,cguidone4p@usatoday.com,Female,182.56.235.133
171,Meriel,Pridie,mpridie4q@ow.ly,Female,198.205.156.221
172,Jefferson,Constantine,jconstantine4r@buzzfeed.com,Male,135.186.181.18
173,Bee,Ready,bready4s@newsvine.com,Female,58.133.51.177
174,Eustace,Brower,ebrower4t@noaa.gov,Male,44.103.205.120
175,Marcella,Matthaus,mmatthaus4u@elegantthemes.com,Female,2.160.230.10
176,Else,Angove,eangove4v@infoseek.co.jp,Female,119.225.20.226
177,Tobias,Celle,tcelle4w@slashdot.org,Male,124.254.245.246
178,Nicholas,Circuitt,ncircuitt4x@europa.eu,Male,192.20.49.71
179,Lenore,Fillary,lfillary4y@google.com.br,Female,54.45.50.116
180,Kelsey,Stroobant,kstroobant4z@google.ru,Male,109.52.77.201
181,Lou,Forst,lforst50@instagram.com,Female,50.143.120.31
182,Nana,Latham,nlatham51@dagondesign.com,Female,247.214.241.170
183,Godfry,Leddie,gleddie52@house.gov,Male,183.15.177.92
184,Bary,Jauncey,bjauncey53@dyndns.org,Male,178.56.183.233
185,Cecilio,Durrance,cdurrance54@va.gov,Male,190.10.176.190
186,Caprice,Rogez,crogez55@seesaa.net,Female,176.8.88.211
187,Agatha,Balbeck,abalbeck56@weibo.com,Female,104.188.68.9
188,Ritchie,Shoutt,rshoutt57@kickstarter.com,Male,113.92.22.222
189,Ddene,Spittles,dspittles58@nasa.gov,Female,5.119.99.85
190,Arabela,Dilliway,adilliway59@linkedin.com,Female,230.48.55.238
191,Viviene,Gloy,vgloy5a@tamu.edu,Female,234.89.30.221
192,Gordan,Yea,gyea5b@tamu.edu,Male,248.53.20.245
193,Phineas,Darridon,pdarridon5c@skyrock.com,Male,200.82.241.63
194,Elvina,Sigart,esigart5d@bloglovin.com,Female,36.83.252.121
195,Benedetta,Bunstone,bbunstone5e@so-net.ne.jp,Female,143.200.178.162
196,Rodina,Desvignes,rdesvignes5f@businesswire.com,Non-binary,38.242.183.20
197,Fergus,Ferber,fferber5g@cam.ac.uk,Male,90.174.195.170
198,Gardie,Heinle,gheinle5h@wikispaces.com,Male,231.32.172.207
199,Carolina,Steanson,csteanson5i@csmonitor.com,Female,83.187.17.114
200,Ebonee,Dorrance,edorrance5j@4shared.com,Female,30.27.170.177
201,Berkley,Bamblett,bbamblett5k@sourceforge.net,Male,158.178.44.245
202,Ivett,Clougher,iclougher5l@vimeo.com,Female,125.119.87.245
203,Felix,Maffeo,fmaffeo5m@google.co.jp,Agender,39.192.87.57
204,Ryan,Dreng,rdreng5n@nps.gov,Agender,170.155.125.232
205,Lora,Braybrooks,lbraybrooks5o@geocities.com,Female,214.210.11.135
206,Norri,de Almeida,ndealmeida5p@latimes.com,Female,102.195.250.61
207,Dion,Pruce,dpruce5q@g.co,Female,149.226.103.147
208,Marsha,Chant,mchant5r@facebook.com,Female,43.6.170.244
209,Chrisy,Whiteson,cwhiteson5s@cpanel.net,Male,235.180.96.252
210,Cecily,Keogh,ckeogh5t@lycos.com,Genderfluid,57.82.62.122
211,Patrizius,Marusic,pmarusic5u@dedecms.com,Male,4.178.108.94
212,Gamaliel,Bernhardsson,gbernhardsson5v@google.ru,Male,92.10.218.133
213,Fancie,McGlaud,fmcglaud5w@twitpic.com,Female,40.36.35.217
214,Catherina,McCorley,cmccorley5x@infoseek.co.jp,Female,22.0.152.197
215,Eugene,Heyburn,eheyburn5y@quantcast.com,Male,239.94.193.49
216,Vito,Cinnamond,vcinnamond5z@nasa.gov,Male,92.129.255.94
217,Garrott,Colombier,gcolombier60@cafepress.com,Male,203.245.235.223
218,Phillipp,Milksop,pmilksop61@huffingtonpost.com,Male,133.141.248.138
219,Kellen,Flukes,kflukes62@kickstarter.com,Male,207.197.216.82
220,Helaina,Featherstonehaugh,hfeatherstonehaugh63@amazon.co.jp,Female,129.204.92.11
221,Kristy,Yurygyn,kyurygyn64@epa.gov,Female,46.190.132.147
222,Myrtle,Nunson,mnunson65@eepurl.com,Female,129.169.15.90
223,Sonnie,Walkey,swalkey66@unicef.org,Female,38.227.22.116
224,Debbi,Hayller,dhayller67@list-manage.com,Female,128.216.69.29
225,Neille,Rough,nrough68@webs.com,Female,142.123.151.254
226,Vincent,Juan,vjuan69@github.io,Male,204.33.54.211
227,Karim,Hakking,khakking6a@google.com.hk,Male,67.15.194.197
228,Ruben,Antonowicz,rantonowicz6b@hao123.com,Male,213.115.114.101
229,Karlis,Vallens,kvallens6c@independent.co.uk,Male,88.116.234.38
230,Brade,McNalley,bmcnalley6d@comsenz.com,Male,200.225.122.198
231,King,Slixby,kslixby6e@hp.com,Male,165.247.195.93
232,Alayne,Townrow,atownrow6f@phpbb.com,Female,152.204.62.69
233,Alie,Garett,agarett6g@behance.net,Female,48.102.135.108
234,Huntlee,Gunny,hgunny6h@blogs.com,Male,193.118.243.237
235,Linet,Farady,lfarady6i@infoseek.co.jp,Female,74.149.10.231
236,Dacia,Minillo,dminillo6j@forbes.com,Female,254.136.61.217
237,Anica,Clayal,aclayal6k@jimdo.com,Female,76.94.198.24
238,Georgie,Milby,gmilby6l@omniture.com,Male,219.18.244.74
239,Shea,Buckenhill,sbuckenhill6m@nbcnews.com,Male,192.198.111.36
240,Berenice,Brockelsby,bbrockelsby6n@delicious.com,Female,152.29.149.33
241,Bob,Partener,bpartener6o@histats.com,Male,91.21.227.200
242,Carine,Cleworth,ccleworth6p@npr.org,Female,50.128.201.169
243,Judie,Bein,jbein6q@who.int,Female,43.132.217.15
244,Odella,Mullord,omullord6r@geocities.jp,Female,49.127.85.7
245,Dudley,Bembrigg,dbembrigg6s@barnesandnoble.com,Male,12.88.160.201
246,Victor,Jaquest,vjaquest6t@huffingtonpost.com,Male,47.237.153.19
247,Melvyn,McPherson,mmcpherson6u@cdbaby.com,Male,250.69.138.113
248,Umeko,Chapell,uchapell6v@theguardian.com,Female,251.188.2.198
249,Reinwald,Falkous,rfalkous6w@paginegialle.it,Male,214.175.136.152
250,Brit,MacCartney,bmaccartney6x@ox.ac.uk,Bigender,135.93.32.26
251,Delora,Caisley,dcaisley6y@mac.com,Female,50.77.187.136
252,Maxy,Rays,mrays6z@si.edu,Male,63.75.31.234
253,Karoline,Moth,kmoth70@delicious.com,Female,157.161.37.239
254,Bradney,Marxsen,bmarxsen71@kickstarter.com,Male,172.131.127.202
255,Jud,Wetherby,jwetherby72@prnewswire.com,Male,59.2.126.155
256,Kayla,Treadgold,ktreadgold73@freewebs.com,Female,232.239.226.211
257,Massimiliano,Late,mlate74@epa.gov,Male,209.22.249.158
258,Ursala,Crossthwaite,ucrossthwaite75@uiuc.edu,Agender,42.197.145.183
259,Shaughn,Baughan,sbaughan76@blinklist.com,Male,64.129.138.131
260,Giovanni,Kalkhoven,gkalkhoven77@free.fr,Genderqueer,156.109.20.66
261,Richart,Westmore,rwestmore78@icq.com,Non-binary,110.227.77.243
262,Stefa,Hellin,shellin79@wix.com,Female,90.220.253.150
263,Mervin,Dominici,mdominici7a@homestead.com,Male,239.168.243.48
264,Rosetta,Cansdill,rcansdill7b@weather.com,Female,233.138.33.9
265,Mag,Nehl,mnehl7c@unicef.org,Female,136.122.15.233
266,Vivien,Scandroot,vscandroot7d@oaic.gov.au,Female,44.54.219.132
267,Christie,M'Quharg,cmquharg7e@histats.com,Female,12.240.191.71
268,Rolf,Toop,rtoop7f@tinyurl.com,Male,209.22.125.60
269,Livvie,Phelps,lphelps7g@cbsnews.com,Female,203.184.6.29
270,Lizbeth,Iorizzo,liorizzo7h@google.ru,Female,54.17.76.87
271,Franciskus,Ludron,fludron7i@yellowpages.com,Male,114.29.6.104
272,Sibylle,Tyce,styce7j@photobucket.com,Female,222.37.63.180
273,Terrell,McIlwraith,tmcilwraith7k@google.es,Male,189.239.86.199
274,Lyndsay,Everard,leverard7l@barnesandnoble.com,Female,10.212.109.243
275,Philippe,Coggill,pcoggill7m@mail.ru,Female,208.149.59.158
276,Rawley,Boumphrey,rboumphrey7n@sphinn.com,Male,15.174.38.240
277,Tiphanie,Maldin,tmaldin7o@ycombinator.com,Female,138.157.75.128
278,Silva,d' Eye,sdeye7p@sina.com.cn,Female,31.123.229.217
279,Margaret,Warman,mwarman7q@oaic.gov.au,Female,102.193.152.115
280,Denys,Hancke,dhancke7r@xing.com,Female,64.37.60.14
281,Hammad,Rivlin,hrivlin7s@technorati.com,Male,201.210.31.0
282,Graham,Treby,gtreby7t@hostgator.com,Male,51.6.225.219
283,Alastair,Hillett,ahillett7u@wp.com,Genderfluid,118.27.240.178
284,Jaclin,Pedley,jpedley7v@state.gov,Female,0.226.176.227
285,Benetta,Bramhall,bbramhall7w@bloglovin.com,Female,10.124.100.242
286,Sybille,Doerr,sdoerr7x@t.co,Polygender,45.47.32.74
287,Redford,Sprowson,rsprowson7y@google.nl,Male,181.152.220.31
288,Marcela,Emptage,memptage7z@mediafire.com,Genderfluid,217.91.188.68
289,Phillie,Myderscough,pmyderscough80@wp.com,Female,53.146.84.187
290,Nikos,Lakey,nlakey81@storify.com,Male,134.135.138.50
291,Clary,Denne,cdenne82@wikipedia.org,Female,195.223.62.240
292,Zacharias,Badby,zbadby83@ameblo.jp,Male,147.115.62.187
293,Sutherland,Fussell,sfussell84@ibm.com,Non-binary,79.242.147.60
294,Amii,Husthwaite,ahusthwaite85@auda.org.au,Female,98.48.19.149
295,Weider,Webborn,wwebborn86@virginia.edu,Male,220.20.59.142
296,Lisabeth,Tenniswood,ltenniswood87@bravesites.com,Female,220.177.42.197
297,Donal,Priest,dpriest88@gnu.org,Male,47.47.166.242
298,Haley,Terzo,hterzo89@blogger.com,Male,30.227.88.94
299,Rube,Lorenz,rlorenz8a@uiuc.edu,Male,219.55.112.125
300,Amory,MacConneely,amacconneely8b@about.com,Male,53.60.148.100
301,Angel,Kellaway,akellaway8c@go.com,Male,160.171.111.142
302,Abeu,Swendell,aswendell8d@cbsnews.com,Male,194.67.125.148
303,Arnold,Grunder,agrunder8e@geocities.com,Male,4.31.206.73
304,Byron,Egleton,begleton8f@domainmarket.com,Male,43.9.205.38
305,Dasha,Bourbon,dbourbon8g@usatoday.com,Female,42.39.205.136
306,Rossy,Di Dello,rdidello8h@linkedin.com,Male,197.54.188.122
307,Colline,Magowan,cmagowan8i@arizona.edu,Female,203.108.24.60
308,Luigi,Pattenden,lpattenden8j@nifty.com,Male,59.178.140.77
309,Shep,Girard,sgirard8k@soundcloud.com,Male,8.167.115.237
310,Hughie,Fletcher,hfletcher8l@google.com,Genderqueer,13.155.206.100
311,Penny,Jeannot,pjeannot8m@wix.com,Female,11.179.154.36
312,Keriann,Bresland,kbresland8n@bloglovin.com,Female,43.48.228.144
313,Mic,Ezzy,mezzy8o@hud.gov,Male,6.17.28.50
314,Rahal,Saurat,rsaurat8p@reddit.com,Female,182.16.4.26
315,Corissa,Ingledew,cingledew8q@cornell.edu,Female,205.159.55.251
316,Albrecht,Tomasoni,atomasoni8r@nba.com,Male,142.86.149.162
317,Dacie,Chell,dchell8s@ocn.ne.jp,Female,151.157.152.49
318,Graehme,Bruffell,gbruffell8t@nasa.gov,Male,230.72.127.220
319,Haven,Edwardes,hedwardes8u@csmonitor.com,Male,254.102.145.141
320,Melvyn,Swadlin,mswadlin8v@moonfruit.com,Male,206.208.124.137
321,Antonin,Clunan,aclunan8w@tamu.edu,Male,222.64.44.157
322,Kai,Dobbinson,kdobbinson8x@privacy.gov.au,Female,145.92.219.215
323,Binnie,Tollett,btollett8y@artisteer.com,Female,193.77.156.197
324,Brien,Gemmell,bgemmell8z@qq.com,Male,207.254.62.116
325,Merrilee,Knight,mknight90@hud.gov,Female,244.247.24.63
326,Brian,Zecchini,bzecchini91@sciencedirect.com,Male,10.188.66.150
327,Mersey,Senogles,msenogles92@last.fm,Female,30.127.28.247
328,Heidi,Sanders,hsanders93@sphinn.com,Female,0.220.148.91
329,Reggy,Polsin,rpolsin94@xrea.com,Male,1.74.123.113
330,Carlie,Kornousek,ckornousek95@upenn.edu,Female,60.79.118.0
331,Corissa,Oldam,coldam96@taobao.com,Bigender,175.46.42.225
332,Vernon,Eidelman,veidelman97@imageshack.us,Male,96.8.165.146
333,Ondrea,Pirnie,opirnie98@wordpress.org,Female,95.24.75.14
334,Malinde,Trime,mtrime99@elegantthemes.com,Female,43.178.63.61
335,Andrej,Kern,akern9a@vk.com,Male,125.1.153.106
336,Lea,Gwyneth,lgwyneth9b@blogspot.com,Female,135.66.252.75
337,Ferne,Coyett,fcoyett9c@bizjournals.com,Female,17.213.174.17
338,Isidor,Grooby,igrooby9d@hexun.com,Agender,249.166.88.6
339,Roger,Gerg,rgerg9e@hud.gov,Male,27.208.200.121
340,Cloe,Moorhouse,cmoorhouse9f@creativecommons.org,Female,193.53.211.251
341,Lenette,Jeandel,ljeandel9g@360.cn,Agender,3.110.139.173
342,Lavina,Shapiro,lshapiro9h@cyberchimps.com,Female,78.133.220.246
343,Bartholemy,Sate,bsate9i@elpais.com,Male,170.103.202.97
344,Benny,Blick,bblick9j@last.fm,Male,21.175.59.186
345,Roderigo,Ruske,rruske9k@reference.com,Male,121.24.34.99
346,Rufus,Chettoe,rchettoe9l@mashable.com,Male,1.218.48.80
347,Ulrike,Menichelli,umenichelli9m@reuters.com,Polygender,16.17.141.100
348,Lorilyn,Speachley,lspeachley9n@xinhuanet.com,Female,194.247.143.146
349,Shay,Simonard,ssimonard9o@google.pl,Male,242.126.53.255
350,Mirelle,Korneluk,mkorneluk9p@blog.com,Female,5.110.87.193
351,Bev,Skittle,bskittle9q@yellowbook.com,Male,249.140.21.148
352,Uta,Du Hamel,uduhamel9r@blog.com,Female,247.85.164.96
353,Paolina,Cordero,pcordero9s@hubpages.com,Female,134.171.242.13
354,Eloise,Britcher,ebritcher9t@zimbio.com,Female,203.134.17.244
355,Jessamine,Dennes,jdennes9u@goo.ne.jp,Genderfluid,5.56.18.213
356,Harvey,Brady,hbrady9v@bloomberg.com,Male,241.99.129.80
357,Miguel,Horsley,mhorsley9w@lycos.com,Male,113.102.42.127
358,Ralf,Woodburn,rwoodburn9x@blogs.com,Male,88.74.184.200
359,Adelheid,Thorns,athorns9y@yahoo.com,Female,206.43.186.67
360,Christophe,Gambie,cgambie9z@shop-pro.jp,Male,193.187.85.210
361,Dian,Brookwood,dbrookwooda0@zimbio.com,Female,234.174.25.180
362,Kiley,Boustred,kboustreda1@paginegialle.it,Bigender,197.228.199.241
363,Lorry,FitzGeorge,lfitzgeorgea2@ihg.com,Male,73.71.78.59
364,Vevay,Blouet,vbloueta3@github.com,Female,170.131.64.207
365,Winnie,Corgenvin,wcorgenvina4@skype.com,Male,204.247.148.65
366,Alexander,Castleton,acastletona5@ebay.co.uk,Male,200.127.45.136
367,Nevsa,Sanbrooke,nsanbrookea6@addthis.com,Female,80.61.152.60
368,Bartholemy,Rutland,brutlanda7@umn.edu,Male,67.187.238.102
369,Quintilla,Abella,qabellaa8@feedburner.com,Female,131.97.195.247
370,Arron,Le Marquis,alemarquisa9@census.gov,Male,88.158.146.42
371,Denver,De Atta,ddeattaaa@mapy.cz,Male,122.18.58.180
372,Hort,Jansema,hjansemaab@fda.gov,Bigender,62.50.96.226
373,Saunderson,Cordell,scordellac@amazonaws.com,Male,45.125.175.231
374,Phil,Causier,pcausierad@opensource.org,Agender,222.35.230.136
375,Hervey,Gummie,hgummieae@youku.com,Male,89.90.42.158
376,Clarine,Kitchingham,ckitchinghamaf@stanford.edu,Female,83.6.117.29
377,Andie,Lauritsen,alauritsenag@engadget.com,Male,78.209.1.222
378,Carly,Gosselin,cgosselinah@harvard.edu,Male,189.168.155.183
379,Andrea,Boatwright,aboatwrightai@seattletimes.com,Female,82.216.60.189
380,Buckie,Gush,bgushaj@diigo.com,Bigender,183.255.238.251
381,Emmeline,Kemmet,ekemmetak@irs.gov,Female,111.4.238.234
382,Clemente,Gery,cgeryal@china.com.cn,Male,166.79.193.252
383,Kikelia,Sor,ksoram@drupal.org,Female,73.27.89.5
384,Gardener,Paddle,gpaddlean@soundcloud.com,Male,133.174.165.98
385,Gabriello,Oswal,goswalao@gravatar.com,Male,243.135.215.140
386,Deeyn,Backshill,dbackshillap@indiegogo.com,Female,65.14.15.167
387,Paco,Drinkeld,pdrinkeldaq@gravatar.com,Male,52.89.89.57
388,Gae,Mandeville,gmandevillear@wikispaces.com,Female,109.115.222.111
389,Sukey,Torra,storraas@hexun.com,Female,165.0.71.144
390,Amandie,Forlonge,aforlongeat@dmoz.org,Female,91.152.199.159
391,Belinda,Heliar,bheliarau@merriam-webster.com,Female,108.247.124.250
392,Emiline,Crabbe,ecrabbeav@google.ru,Female,62.209.15.137
393,Marybelle,Carwithan,mcarwithanaw@mozilla.com,Non-binary,53.77.143.157
394,Julieta,Heading,jheadingax@pen.io,Female,161.158.6.144
395,Rufe,Cornwell,rcornwellay@ed.gov,Male,43.91.37.80
396,Truman,Kaman,tkamanaz@mtv.com,Male,215.186.191.188
397,Fanchette,Becke,fbeckeb0@list-manage.com,Female,94.99.143.114
398,Crista,Crammy,ccrammyb1@infoseek.co.jp,Female,234.149.99.115
399,Britni,Estrella,bestrellab2@ucoz.com,Female,115.138.145.42
400,Russ,Ratcliffe,rratcliffeb3@lulu.com,Male,146.11.82.154
401,Hugibert,Trewhela,htrewhelab4@fc2.com,Male,233.192.12.17
402,Cissy,Lyvon,clyvonb5@example.com,Female,178.41.98.222
403,Augie,Steanyng,asteanyngb6@japanpost.jp,Male,17.231.138.159
404,Nefen,Patrono,npatronob7@webmd.com,Male,61.228.136.16
405,Ingra,Copnall,icopnallb8@abc.net.au,Male,140.94.197.137
406,Rosina,Knappe,rknappeb9@telegraph.co.uk,Female,94.249.208.131
407,Immanuel,Boulger,iboulgerba@qq.com,Male,104.21.102.84
408,Pauletta,Burmingham,pburminghambb@oakley.com,Female,135.141.113.12
409,Kevin,Lever,kleverbc@theglobeandmail.com,Male,133.162.89.5
410,Evelyn,Hebner,ehebnerbd@washington.edu,Male,152.213.237.29
411,Gris,Gerhold,ggerholdbe@homestead.com,Male,86.6.30.29
412,Arlette,Marzella,amarzellabf@theglobeandmail.com,Female,102.5.152.63
413,Niles,Nicholes,nnicholesbg@time.com,Male,203.142.90.149
414,Georgy,Deval,gdevalbh@pagesperso-orange.fr,Male,219.132.131.13
415,Olly,Edinburough,oedinburoughbi@typepad.com,Female,122.153.137.223
416,Leanna,Brockie,lbrockiebj@umich.edu,Non-binary,78.255.29.80
417,Alena,Williams,awilliamsbk@hhs.gov,Female,209.77.50.90
418,Aldo,Coie,acoiebl@weibo.com,Male,136.246.228.59
419,Sarena,Carville,scarvillebm@marriott.com,Female,221.143.70.247
420,Loy,Szwandt,lszwandtbn@sciencedaily.com,Male,33.193.207.168
421,Erminie,Calderon,ecalderonbo@istockphoto.com,Female,186.193.85.211
422,Giffard,Grunder,ggrunderbp@goo.ne.jp,Male,114.187.113.27
423,Garv,Fewlass,gfewlassbq@miibeian.gov.cn,Male,245.96.216.91
424,Ara,Kenewell,akenewellbr@google.com.au,Genderfluid,200.203.176.217
425,Etty,Aberkirder,eaberkirderbs@sphinn.com,Female,145.248.150.149
426,Sidney,Vassie,svassiebt@cdc.gov,Male,243.106.195.34
427,Johny,Brawson,jbrawsonbu@wordpress.com,Male,167.206.90.218
428,Dareen,Meeron,dmeeronbv@icio.us,Bigender,129.171.252.76
429,Deane,Kenworthey,dkenwortheybw@t-online.de,Female,160.233.118.155
430,Conchita,Dovydenas,cdovydenasbx@wikipedia.org,Female,65.222.24.132
431,Quintin,Streater,qstreaterby@drupal.org,Male,224.23.198.88
432,Dori,Aurelius,daureliusbz@shareasale.com,Female,198.189.213.209
433,Luce,Pfeiffer,lpfeifferc0@ameblo.jp,Polygender,65.68.195.55
434,Currey,Domel,cdomelc1@infoseek.co.jp,Male,69.244.145.243
435,Missie,Rouchy,mrouchyc2@jigsy.com,Female,1.136.92.133
436,Gabbi,Penelli,gpenellic3@alexa.com,Female,118.12.40.58
437,Katya,Neljes,kneljesc4@last.fm,Female,126.245.67.154
438,Ailey,Clemerson,aclemersonc5@mapquest.com,Female,46.104.100.237
439,York,Berrey,yberreyc6@berkeley.edu,Male,152.150.25.217
440,Justino,Di Franceshci,jdifranceshcic7@alexa.com,Male,231.178.131.41
441,Guglielmo,Hanse,ghansec8@google.it,Male,59.100.177.216
442,Asia,Worts,awortsc9@mapquest.com,Female,251.196.176.15
443,Allina,Stockau,astockauca@tinypic.com,Female,238.131.29.81
444,Jocko,McBride,jmcbridecb@vk.com,Male,126.131.197.245
445,Sandy,Gutch,sgutchcc@seesaa.net,Female,115.231.173.247
446,Cherida,Shipperbottom,cshipperbottomcd@imageshack.us,Female,137.147.85.88
447,Raphael,Castaignet,rcastaignetce@furl.net,Male,31.60.121.132
448,Palmer,Michal,pmichalcf@accuweather.com,Male,242.227.184.9
449,Caitrin,Queripel,cqueripelcg@phoca.cz,Female,232.128.137.243
450,Tristan,Bagster,tbagsterch@163.com,Male,1.14.91.97
451,Teodora,Auton,tautonci@ucla.edu,Female,70.56.119.178
452,Andros,Warmisham,awarmishamcj@adobe.com,Male,13.196.1.97
453,Luise,McGettrick,lmcgettrickck@deliciousdays.com,Female,88.81.179.87
454,Wilow,Louden,wloudencl@gnu.org,Female,27.102.215.97
455,Neill,Hankard,nhankardcm@yolasite.com,Male,134.203.149.126
456,Kinna,Van der Velde,kvanderveldecn@vk.com,Female,29.44.184.141
457,Antonina,Steade,asteadeco@example.com,Genderqueer,23.58.248.163
458,Allayne,Martland,amartlandcp@live.com,Male,119.208.93.84
459,Gallagher,Stapels,gstapelscq@php.net,Male,216.128.1.123
460,Demott,Binne,dbinnecr@ted.com,Male,3.3.48.255
461,Oren,Colisbe,ocolisbecs@google.nl,Male,44.46.5.97
462,Kesley,MacCook,kmaccookct@ebay.co.uk,Non-binary,53.36.77.249
463,Waly,Foran,wforancu@cisco.com,Female,148.90.95.37
464,Gabbie,Issitt,gissittcv@sbwire.com,Male,155.243.182.25
465,Raquel,Edmead,redmeadcw@cnet.com,Female,3.86.53.35
466,Ogdan,Rama,oramacx@comsenz.com,Male,253.117.54.225
467,Felecia,Bendare,fbendarecy@huffingtonpost.com,Female,160.198.204.71
468,Martita,Hairon,mhaironcz@artisteer.com,Female,134.72.204.249
469,Kris,Lynch,klynchd0@economist.com,Bigender,95.224.6.227
470,Salomone,Smallpeice,ssmallpeiced1@seattletimes.com,Male,143.101.216.112
471,Farrel,Kellogg,fkelloggd2@dropbox.com,Male,124.65.224.145
472,Douglas,Joust,djoustd3@omniture.com,Male,162.122.89.61
473,Nathaniel,Pavett,npavettd4@etsy.com,Male,244.155.210.20
474,Geralda,Leet,gleetd5@skyrock.com,Female,11.143.225.17
475,Barton,Urien,buriend6@sakura.ne.jp,Male,14.205.255.223
476,Verena,Rontsch,vrontschd7@admin.ch,Female,2.225.35.13
477,Alonso,Bartel,abarteld8@soundcloud.com,Male,124.138.242.201
478,Pamelina,Brittian,pbrittiand9@hhs.gov,Female,183.95.118.109
479,Steffie,Skillings,sskillingsda@technorati.com,Female,185.169.125.129
480,Scarface,Decker,sdeckerdb@behance.net,Male,181.137.198.118
481,Marcellus,Davidovitch,mdavidovitchdc@vinaora.com,Male,62.147.165.189
482,Rad,Humbert,rhumbertdd@cbc.ca,Male,218.40.44.133
483,Gal,MacUchadair,gmacuchadairde@si.edu,Bigender,255.2.98.85
484,Isacco,Tonge,itongedf@indiegogo.com,Male,183.25.180.31
485,Kelby,Kennsley,kkennsleydg@ucsd.edu,Bigender,162.176.33.172
486,Beltran,Holcroft,bholcroftdh@storify.com,Male,234.10.225.52
487,Denis,Pinsent,dpinsentdi@surveymonkey.com,Bigender,195.64.112.100
488,Skelly,Jorin,sjorindj@symantec.com,Male,78.33.60.118
489,Amy,Lowdes,alowdesdk@clickbank.net,Female,5.213.2.175
490,Mylo,Bedburrow,mbedburrowdl@multiply.com,Male,105.84.208.189
491,Candida,Lissandri,clissandridm@yale.edu,Bigender,170.254.68.64
492,Sib,Gardener,sgardenerdn@imageshack.us,Female,164.119.169.169
493,Townsend,Liverseege,tliverseegedo@spiegel.de,Male,44.96.231.198
494,Torie,Mendez,tmendezdp@jimdo.com,Female,1.115.254.124
495,Bree,Titchmarsh,btitchmarshdq@yale.edu,Agender,174.48.87.102
496,Loy,Foxall,lfoxalldr@wikimedia.org,Male,200.190.43.36
497,Omero,Tyndall,otyndallds@naver.com,Non-binary,58.80.144.242
498,Bayard,O'Criane,bocrianedt@slashdot.org,Male,26.101.129.17
499,Griff,Rackley,grackleydu@sohu.com,Male,228.164.8.150
500,Kirby,Widmoor,kwidmoordv@theatlantic.com,Female,232.64.222.225
501,Kaia,Effaunt,keffauntdw@feedburner.com,Female,52.148.41.203
502,Lenee,Verni,lvernidx@bloglines.com,Female,52.168.140.95
503,Vincent,Swepson,vswepsondy@virginia.edu,Male,78.17.167.205
504,Teodor,Hovey,thoveydz@arstechnica.com,Male,251.67.135.219
505,Marcelo,McGorley,mmcgorleye0@tamu.edu,Male,120.221.87.240
506,Gibby,Manvelle,gmanvellee1@smh.com.au,Male,143.156.29.90
507,Lolita,Abbots,labbotse2@paypal.com,Female,182.150.104.225
508,Amelina,Antonias,aantoniase3@fema.gov,Female,249.171.149.102
509,Chrotoem,Daymont,cdaymonte4@pen.io,Male,193.1.186.227
510,Martie,Matterface,mmatterfacee5@blogtalkradio.com,Female,124.53.48.165
511,Emilee,Dunabie,edunabiee6@nymag.com,Genderfluid,53.106.224.16
512,Wiatt,Lafond,wlafonde7@psu.edu,Male,44.41.214.6
513,Dallis,Cargon,dcargone8@youku.com,Male,178.191.154.23
514,Marti,Vagg,mvagge9@ft.com,Female,151.173.121.223
515,Lenora,Vigors,lvigorsea@friendfeed.com,Female,10.41.159.158
516,Sydney,Puddicombe,spuddicombeeb@huffingtonpost.com,Genderfluid,124.166.189.37
517,Rachele,Oattes,roattesec@aol.com,Female,248.16.76.135
518,Mervin,Aggott,maggotted@sohu.com,Male,77.58.71.245
519,Wiatt,Cale,wcaleee@nhs.uk,Non-binary,60.28.211.168
520,Stanford,Strotone,sstrotoneef@geocities.com,Male,42.48.31.140
521,Cornelius,Main,cmaineg@angelfire.com,Male,147.249.27.3
522,Victoria,MacCrossan,vmaccrossaneh@amazon.co.uk,Female,3.238.84.8
523,Hollis,Posselt,hposseltei@twitter.com,Male,168.26.162.199
524,Rodger,Selborne,rselborneej@indiegogo.com,Male,138.231.36.61
525,Jobyna,Probet,jprobetek@cisco.com,Female,111.32.186.169
526,Kaja,De Giorgio,kdegiorgioel@fastcompany.com,Female,231.215.207.231
527,Connie,Gypson,cgypsonem@sciencedirect.com,Female,20.31.177.3
528,Albertine,Goddard,agoddarden@census.gov,Female,245.69.6.147
529,Waylon,Doleman,wdolemaneo@de.vu,Male,153.181.61.1
530,Muire,Marcum,mmarcumep@ted.com,Female,29.254.10.11
531,Raymond,Marousek,rmarousekeq@gmpg.org,Male,163.141.156.44
532,Gayelord,Domeney,gdomeneyer@dmoz.org,Male,176.125.70.24
533,Olva,Pithie,opithiees@facebook.com,Genderfluid,121.245.154.206
534,Wat,Wait,wwaitet@spotify.com,Male,100.142.235.192
535,Demetre,Fitzsimon,dfitzsimoneu@php.net,Male,118.149.32.141
536,Bili,Devanney,bdevanneyev@list-manage.com,Female,200.173.176.245
537,Ilaire,Mustchin,imustchinew@abc.net.au,Male,247.131.250.50
538,Yorgo,Wookey,ywookeyex@google.pl,Polygender,229.164.22.236
539,Silas,Yewman,syewmaney@wordpress.com,Male,2.142.61.35
540,Antonin,Scapens,ascapensez@google.com.br,Male,191.211.178.187
541,Shelba,Overall,soverallf0@shinystat.com,Female,5.39.143.5
542,Imogene,Shakshaft,ishakshaftf1@mail.ru,Female,129.243.249.55
543,Dallas,Shard,dshardf2@seattletimes.com,Male,76.252.219.115
544,Haley,Doge,hdogef3@unicef.org,Agender,60.103.137.199
545,Grazia,Sawell,gsawellf4@paginegialle.it,Female,13.239.146.105
546,Vin,Antyshev,vantyshevf5@shutterfly.com,Male,150.111.35.184
547,Rollin,Plastow,rplastowf6@angelfire.com,Male,7.155.254.130
548,Lincoln,Deaconson,ldeaconsonf7@163.com,Male,239.177.168.91
549,Jeannette,Pendlington,jpendlingtonf8@howstuffworks.com,Female,117.11.60.98
550,Niall,Gulston,ngulstonf9@icio.us,Male,57.102.164.152
551,Jacquie,Munsey,jmunseyfa@redcross.org,Female,185.65.220.83
552,Farra,Tampen,ftampenfb@photobucket.com,Female,70.7.26.93
553,Justinian,Batchley,jbatchleyfc@purevolume.com,Male,219.118.190.109
554,Fanny,Mardell,fmardellfd@pen.io,Female,105.57.63.190
555,Scott,Feeham,sfeehamfe@prweb.com,Male,162.11.164.194
556,Brigit,Lease,bleaseff@symantec.com,Female,79.173.39.12
557,Veronika,Weale,vwealefg@instagram.com,Female,247.198.17.66
558,Ester,Stitch,estitchfh@army.mil,Female,88.33.115.111
559,Elena,Digweed,edigweedfi@cnbc.com,Female,191.194.137.183
560,Abba,Doey,adoeyfj@free.fr,Polygender,37.202.196.217
561,Nessy,McColm,nmccolmfk@fc2.com,Female,17.31.198.94
562,Gradey,Benjefield,gbenjefieldfl@wp.com,Male,116.206.40.194
563,Silvain,Danielis,sdanielisfm@geocities.jp,Male,50.152.144.122
564,Cazzie,Ragless,craglessfn@blinklist.com,Male,110.115.236.77
565,Alli,Simmons,asimmonsfo@reference.com,Female,121.216.190.80
566,Alidia,Narraway,anarrawayfp@list-manage.com,Female,78.50.123.113
567,Addison,Fitzsymons,afitzsymonsfq@disqus.com,Male,195.6.24.157
568,Myron,Menco,mmencofr@wikia.com,Male,222.147.167.162
569,Antonia,Sicely,asicelyfs@dell.com,Female,91.106.2.86
570,Camella,Brundill,cbrundillft@bloomberg.com,Female,81.191.30.124
571,Constantine,Collman,ccollmanfu@umn.edu,Male,190.119.134.133
572,Jeth,Ranscombe,jranscombefv@google.co.jp,Male,245.29.180.53
573,Nettie,Fayter,nfayterfw@devhub.com,Female,246.140.203.118
574,Winnie,Renzo,wrenzofx@sun.com,Male,217.162.74.64
575,Joscelin,Budgey,jbudgeyfy@nih.gov,Female,191.152.132.140
576,Bebe,Hebble,bhebblefz@upenn.edu,Female,233.106.61.122
577,Jeramey,Purves,jpurvesg0@bravesites.com,Male,125.54.101.120
578,Kimberlyn,Furzey,kfurzeyg1@webnode.com,Female,252.205.133.129
579,Fionnula,Barrows,fbarrowsg2@1und1.de,Female,120.115.55.103
580,Titos,Stodit,tstoditg3@nyu.edu,Male,236.11.213.134
581,Sheff,Bottinelli,sbottinellig4@shutterfly.com,Non-binary,223.119.74.182
582,Ophelie,McCandie,omccandieg5@joomla.org,Female,240.183.253.230
583,Vitoria,Hawkshaw,vhawkshawg6@fastcompany.com,Female,245.50.112.206
584,Lavinie,Bendin,lbending7@domainmarket.com,Female,159.229.69.232
585,Phyllys,Pittock,ppittockg8@tinypic.com,Genderfluid,14.237.234.5
586,Vasilis,Gavrieli,vgavrielig9@amazon.co.uk,Male,253.31.174.32
587,Renault,Hulle,rhullega@dailymail.co.uk,Male,108.44.99.115
588,Billie,Petyt,bpetytgb@elegantthemes.com,Male,206.227.137.17
589,Cherilyn,MacAlees,cmacaleesgc@google.fr,Agender,222.136.141.82
590,Carola,Semorad,csemoradgd@bloglines.com,Female,32.77.89.219
591,Shell,Marcham,smarchamge@360.cn,Female,218.138.71.175
592,Daisi,Shugg,dshugggf@npr.org,Female,97.182.125.203
593,Katey,Laimable,klaimablegg@prweb.com,Female,253.31.215.141
594,Eartha,Burndred,eburndredgh@plala.or.jp,Female,160.74.100.120
595,Geno,Awde,gawdegi@sphinn.com,Male,226.172.182.156
596,Clarette,Saville,csavillegj@bandcamp.com,Female,130.19.70.220
597,Fredrick,Creeghan,fcreeghangk@deliciousdays.com,Male,42.110.135.66
598,Hoebart,Offa,hoffagl@alexa.com,Genderqueer,76.194.129.116
599,York,Erbe,yerbegm@mozilla.org,Agender,78.86.197.186
600,Ilyssa,Turland,iturlandgn@sogou.com,Bigender,229.177.186.198
601,Marchall,Stoad,mstoadgo@homestead.com,Male,195.152.161.60
602,Morse,Oxlee,moxleegp@prweb.com,Male,62.23.237.36
603,Jarred,Belford,jbelfordgq@sitemeter.com,Male,45.182.217.134
604,Ellyn,Wheway,ewhewaygr@latimes.com,Female,183.122.192.230
605,Jemmie,Sooley,jsooleygs@artisteer.com,Female,142.10.227.29
606,Greggory,Cottle,gcottlegt@privacy.gov.au,Male,155.172.72.251
607,Jasmine,Punchard,jpunchardgu@google.es,Female,44.12.157.110
608,Carlyn,Kitchener,ckitchenergv@reference.com,Female,237.193.126.247
609,Pascal,Gotts,pgottsgw@soundcloud.com,Male,40.18.138.26
610,Elmore,Davenhall,edavenhallgx@photobucket.com,Male,36.68.199.47
611,Ferguson,Borleace,fborleacegy@google.com.au,Male,72.22.93.45
612,Lorilyn,Combe,lcombegz@nih.gov,Agender,120.67.222.243
613,Deena,Winstanley,dwinstanleyh0@yolasite.com,Female,185.201.145.210
614,Jdavie,Largent,jlargenth1@reuters.com,Male,241.248.251.4
615,Rozella,Flahive,rflahiveh2@sciencedaily.com,Female,21.145.63.16
616,Bryana,Fairbrace,bfairbraceh3@histats.com,Female,38.183.208.187
617,Bernita,Harsnep,bharsneph4@bbc.co.uk,Female,13.27.68.118
618,Christye,Withey,cwitheyh5@blogspot.com,Female,126.200.111.104
619,Teodora,Scarfe,tscarfeh6@soundcloud.com,Female,166.187.90.106
620,Eve,Etherington,eetheringtonh7@spotify.com,Female,165.62.67.58
621,Beck,Aberdalgy,baberdalgyh8@rediff.com,Male,82.165.238.240
622,Hannie,Whyard,hwhyardh9@shareasale.com,Female,183.30.163.134
623,Maddy,Frane,mfraneha@usda.gov,Female,124.11.151.108
624,Sergent,Foord,sfoordhb@google.co.uk,Genderfluid,233.151.72.24
625,Bordie,Sisselot,bsisselothc@pinterest.com,Male,233.18.95.53
626,Anderson,Blackater,ablackaterhd@nyu.edu,Male,206.37.100.78
627,Domenico,McKendo,dmckendohe@zimbio.com,Male,207.121.207.71
628,Lucias,Ca,lcahf@qq.com,Male,74.42.24.83
629,Cortie,Poulton,cpoultonhg@studiopress.com,Male,65.62.64.251
630,Gearalt,Westhoff,gwesthoffhh@washingtonpost.com,Male,142.246.74.230
631,Worth,Reuven,wreuvenhi@bing.com,Male,178.110.81.230
632,Sherm,Cobbing,scobbinghj@columbia.edu,Male,6.251.28.255
633,Charmion,Poppleton,cpoppletonhk@gmpg.org,Agender,76.236.99.102
634,Rollin,Kerry,rkerryhl@psu.edu,Male,39.207.152.186
635,Kevan,Ong,konghm@huffingtonpost.com,Polygender,77.105.93.46
636,Brunhilde,Arkell,barkellhn@theglobeandmail.com,Polygender,105.110.97.192
637,Artair,Percy,apercyho@china.com.cn,Male,214.135.136.86
638,Alfreda,Pickaver,apickaverhp@biglobe.ne.jp,Female,224.153.22.127
639,Cristie,Warr,cwarrhq@sbwire.com,Female,51.140.88.191
640,Bethena,Matzke,bmatzkehr@bizjournals.com,Female,197.226.173.148
641,Elfrida,Fincham,efinchamhs@linkedin.com,Female,251.232.107.218
642,Erminie,Hilldrop,ehilldropht@seattletimes.com,Female,167.95.27.160
643,Raymond,Piniur,rpiniurhu@cisco.com,Male,241.209.50.163
644,Rice,Lumley,rlumleyhv@rediff.com,Male,74.230.194.10
645,Bastien,Wallbrook,bwallbrookhw@uiuc.edu,Male,77.38.93.97
646,Helen,Langland,hlanglandhx@sogou.com,Female,138.192.162.64
647,Rab,Hankard,rhankardhy@photobucket.com,Male,42.177.128.89
648,Yettie,Farney,yfarneyhz@scribd.com,Female,130.241.175.21
649,El,Ledamun,eledamuni0@deliciousdays.com,Male,105.216.185.8
650,Jakob,Rulf,jrulfi1@infoseek.co.jp,Male,40.30.221.207
651,Diane,Jenken,djenkeni2@smugmug.com,Female,210.63.34.110
652,Kennett,Wyldbore,kwyldborei3@ibm.com,Male,214.198.74.213
653,Emmett,Elleyne,eelleynei4@ihg.com,Male,120.152.209.116
654,Krista,Dorning,kdorningi5@php.net,Female,178.201.19.166
655,Cornela,Cawker,ccawkeri6@arstechnica.com,Female,124.137.0.250
656,Della,Titchener,dtitcheneri7@gizmodo.com,Female,178.16.71.133
657,Brynn,Williamson,bwilliamsoni8@dot.gov,Genderfluid,83.230.165.185
658,Sibley,Smalley,ssmalleyi9@histats.com,Female,143.54.100.113
659,Amil,Solomon,asolomonia@blogs.com,Female,148.252.217.54
660,Whitaker,Paireman,wpairemanib@dion.ne.jp,Male,49.236.51.159
661,Mattie,Reedick,mreedickic@barnesandnoble.com,Male,143.189.98.222
662,Marybelle,Bonsale,mbonsaleid@engadget.com,Female,205.146.87.14
663,Abel,Brayne,abrayneie@abc.net.au,Male,94.112.127.3
664,Irita,Tuckley,ituckleyif@wufoo.com,Female,211.55.200.26
665,Sanderson,Marshfield,smarshfieldig@networksolutions.com,Male,50.156.197.239
666,Karie,O'Fogarty,kofogartyih@privacy.gov.au,Female,172.28.18.12
667,Avie,Siaspinski,asiaspinskiii@myspace.com,Bigender,209.191.106.33
668,Darin,Finding,dfindingij@1688.com,Male,156.143.143.87
669,Clemmie,Sage,csageik@booking.com,Male,92.254.66.145
670,Sadye,Eayres,seayresil@skyrock.com,Female,251.42.163.84
671,Coraline,Holberry,cholberryim@comcast.net,Female,98.150.110.37
672,Shalom,Southcombe,ssouthcombein@taobao.com,Male,26.173.155.49
673,Karry,Cordova,kcordovaio@dailymotion.com,Female,184.221.154.183
674,Benjie,McCathie,bmccathieip@phoca.cz,Male,131.91.128.203
675,Jaime,Falk,jfalkiq@wufoo.com,Male,150.177.238.223
676,Ermanno,Markovic,emarkovicir@examiner.com,Male,205.36.132.183
677,Laurel,Ramstead,lramsteadis@cdbaby.com,Female,70.14.249.129
678,Savina,Elldred,selldredit@sohu.com,Female,85.3.147.227
679,Danyelle,Ashurst,dashurstiu@prlog.org,Female,41.242.133.95
680,Griffith,McGuirk,gmcguirkiv@flickr.com,Male,85.151.127.100
681,Anabella,Merit,ameritiw@fema.gov,Female,252.8.190.151
682,Jerrylee,Boardman,jboardmanix@dailymotion.com,Female,80.53.6.212
683,Rusty,Rosenberg,rrosenbergiy@bluehost.com,Male,159.92.207.209
684,Hilario,Hembery,hhemberyiz@artisteer.com,Male,161.34.246.161
685,Brooks,Granger,bgrangerj0@devhub.com,Male,55.14.51.5
686,Wendie,Chappel,wchappelj1@facebook.com,Female,196.154.211.181
687,Shani,Immins,simminsj2@ustream.tv,Female,234.27.57.87
688,Felic,Barrabeale,fbarrabealej3@rambler.ru,Male,45.172.218.45
689,Galvan,Mayo,gmayoj4@photobucket.com,Male,49.218.140.199
690,Tremain,Eustanch,teustanchj5@meetup.com,Male,49.192.135.196
691,Donn,Cail,dcailj6@ask.com,Male,28.30.149.25
692,Vivianna,Mathevet,vmathevetj7@diigo.com,Female,45.22.80.185
693,Fayette,Kinsell,fkinsellj8@squidoo.com,Female,92.54.71.228
694,Ronica,Merrell,rmerrellj9@e-recht24.de,Female,156.121.42.171
695,Melly,Bradd,mbraddja@diigo.com,Female,230.157.124.9
696,Eugenie,Menhci,emenhcijb@senate.gov,Female,222.84.142.235
697,Hardy,Brockway,hbrockwayjc@ovh.net,Male,213.251.176.243
698,Fredek,Bovey,fboveyjd@washingtonpost.com,Male,112.44.71.171
699,Chantalle,Zapata,czapataje@infoseek.co.jp,Female,31.36.198.193
700,Carlene,Davidai,cdavidaijf@redcross.org,Female,144.171.97.5
701,Val,Bloss,vblossjg@mlb.com,Female,221.204.179.215
702,Sibbie,Ullock,sullockjh@qq.com,Female,219.85.114.98
703,Adelaida,Simner,asimnerji@tripadvisor.com,Female,62.219.136.228
704,Donn,MacCard,dmaccardjj@spotify.com,Male,30.86.230.119
705,Jordan,Emmanuele,jemmanuelejk@ifeng.com,Male,53.66.180.177
706,Jon,Summerrell,jsummerrelljl@redcross.org,Male,103.80.208.148
707,Vaughn,Monckman,vmonckmanjm@webeden.co.uk,Male,2.30.224.255
708,Onofredo,Bachelar,obachelarjn@wired.com,Male,72.187.148.164
709,Grady,Burdikin,gburdikinjo@discuz.net,Male,253.70.96.173
710,Palm,Courtonne,pcourtonnejp@oaic.gov.au,Male,3.155.71.216
711,Evvy,Travers,etraversjq@dot.gov,Female,54.248.184.23
712,Lanna,Sauvain,lsauvainjr@springer.com,Female,75.229.71.1
713,Vincent,Senett,vsenettjs@mapy.cz,Male,81.166.197.35
714,Hephzibah,Szepe,hszepejt@wix.com,Female,144.51.164.218
715,Danielle,Eschalotte,deschalotteju@aol.com,Female,90.84.123.15
716,Jade,Stuckes,jstuckesjv@mlb.com,Female,18.32.250.114
717,Laurie,Habbijam,lhabbijamjw@ifeng.com,Male,242.80.246.141
718,Leicester,Sockell,lsockelljx@marketwatch.com,Male,102.5.93.86
719,Pamella,Nequest,pnequestjy@geocities.jp,Female,0.224.217.52
720,Nappy,Jellicorse,njellicorsejz@bloomberg.com,Male,34.241.199.5
721,Glen,Gantzman,ggantzmank0@tinypic.com,Genderqueer,141.75.153.124
722,Arlyn,Embling,aemblingk1@sohu.com,Female,140.222.172.142
723,Arte,Greenalf,agreenalfk2@salon.com,Male,43.72.196.149
724,Fulton,Garment,fgarmentk3@miitbeian.gov.cn,Male,17.227.148.192
725,Giana,Sowley,gsowleyk4@google.com,Genderfluid,240.223.250.12
726,Powell,Geely,pgeelyk5@va.gov,Male,49.220.202.94
727,Wallas,Wallwood,wwallwoodk6@sohu.com,Male,56.169.66.214
728,Bear,O'Fergus,bofergusk7@wsj.com,Male,153.159.61.250
729,Salomo,Rudyard,srudyardk8@sourceforge.net,Male,149.105.194.219
730,Jackie,Iacopetti,jiacopettik9@hostgator.com,Non-binary,175.184.90.107
731,Olly,Roll,orollka@state.gov,Female,20.86.123.229
732,Westley,Assard,wassardkb@accuweather.com,Male,134.8.127.69
733,Michell,Harbard,mharbardkc@blogger.com,Female,157.147.127.136
734,Lyle,Higgonet,lhiggonetkd@twitter.com,Male,73.59.162.126
735,Carissa,Mogra,cmograke@usa.gov,Female,85.101.151.127
736,Rollin,Rizzotto,rrizzottokf@microsoft.com,Male,96.137.168.244
737,Wheeler,Shaw,wshawkg@weather.com,Male,53.39.43.219
738,Cory,Poyle,cpoylekh@ask.com,Female,140.60.85.29
739,Jorie,Goldberg,jgoldbergki@psu.edu,Female,31.111.182.18
740,Cosimo,McCorkindale,cmccorkindalekj@cargocollective.com,Male,67.99.234.126
741,Tammy,Shields,tshieldskk@nsw.gov.au,Male,193.5.191.95
742,Larry,Harlow,lharlowkl@cornell.edu,Male,13.25.87.63
743,Henriette,Powderham,hpowderhamkm@umich.edu,Female,174.45.33.221
744,Berti,Queen,bqueenkn@reverbnation.com,Female,187.51.236.249
745,Kort,Briztman,kbriztmanko@geocities.com,Male,57.3.8.118
746,Janaya,Scamerden,jscamerdenkp@gmpg.org,Female,158.166.178.9
747,Chery,MacKim,cmackimkq@privacy.gov.au,Female,113.133.191.79
748,Doe,Prestige,dprestigekr@facebook.com,Female,135.23.218.83
749,Frankie,Spanton,fspantonks@google.co.uk,Female,53.25.150.80
750,Germaine,Primarolo,gprimarolokt@wsj.com,Female,79.230.84.15
751,Rossie,Todarello,rtodarelloku@scribd.com,Male,51.56.234.139
752,Gerri,Kmieciak,gkmieciakkv@latimes.com,Female,99.151.73.161
753,Fredericka,Farington,ffaringtonkw@bloglines.com,Female,76.70.7.84
754,Nicola,Brock,nbrockkx@squidoo.com,Female,102.120.46.161
755,Keslie,Ackland,kacklandky@liveinternet.ru,Female,244.130.29.252
756,Ashleigh,Inglis,aingliskz@free.fr,Genderqueer,39.60.196.145
757,Sawyer,Gounod,sgounodl0@telegraph.co.uk,Male,19.123.117.68
758,Tarra,Olenikov,tolenikovl1@multiply.com,Female,45.44.247.170
759,Symon,Perez,sperezl2@addthis.com,Male,18.252.24.97
760,Glenna,Stiven,gstivenl3@cornell.edu,Polygender,230.12.233.162
761,Felizio,Shugg,fshuggl4@youtube.com,Male,19.75.206.199
762,Josiah,Duplock,jduplockl5@auda.org.au,Male,200.60.144.238
763,Nonie,Perazzo,nperazzol6@oakley.com,Female,204.243.230.25
764,Mariellen,Almeida,malmeidal7@artisteer.com,Female,200.142.145.112
765,Aleksandr,Redfearn,aredfearnl8@theglobeandmail.com,Male,82.3.123.231
766,Hubie,Dennerly,hdennerlyl9@mashable.com,Male,84.162.14.123
767,Bartholomew,Imesson,bimessonla@abc.net.au,Male,77.120.70.154
768,Wait,Kimmel,wkimmellb@prweb.com,Male,202.184.186.180
769,Anabal,Narrie,anarrielc@macromedia.com,Female,174.78.127.195
770,Martino,Powe,mpoweld@alexa.com,Male,167.141.239.239
771,Al,Conibeer,aconibeerle@usgs.gov,Male,86.68.129.77
772,Addia,Larsen,alarsenlf@pbs.org,Female,161.12.55.36
773,Cooper,Bengall,cbengalllg@ibm.com,Male,189.88.42.127
774,Natasha,Maciejewski,nmaciejewskilh@mozilla.org,Female,16.64.79.51
775,Lela,Bedborough,lbedboroughli@github.io,Female,223.217.208.168
776,Paco,Eirwin,peirwinlj@wp.com,Male,207.48.87.108
777,Magdalene,Halbeard,mhalbeardlk@geocities.jp,Female,6.221.120.83
778,Alecia,Croom,acroomll@free.fr,Female,231.21.181.112
779,Sammy,Champion,schampionlm@networksolutions.com,Female,11.98.27.62
780,Ernestine,Jordin,ejordinln@nationalgeographic.com,Female,118.96.44.75
781,Elvyn,Phoebe,ephoebelo@buzzfeed.com,Male,161.23.41.123
782,Mireille,Livesey,mliveseylp@howstuffworks.com,Female,213.43.4.190
783,Gnni,Sciacovelli,gsciacovellilq@chicagotribune.com,Female,143.41.118.72
784,Keane,Pablos,kpabloslr@npr.org,Male,138.167.235.10
785,Tadd,Ambroix,tambroixls@columbia.edu,Male,177.27.86.230
786,Tristam,Jirick,tjiricklt@indiatimes.com,Male,207.42.53.3
787,Anabella,Agerskow,aagerskowlu@is.gd,Female,50.24.181.65
788,Opal,Cockin,ocockinlv@statcounter.com,Female,235.236.231.111
789,Grantham,Crennan,gcrennanlw@prweb.com,Male,92.8.48.62
790,Ailene,Mellmer,amellmerlx@youtube.com,Female,60.223.182.1
791,Chane,Tootell,ctootellly@skype.com,Male,137.113.170.243
792,Tandy,Burbage,tburbagelz@sakura.ne.jp,Female,254.222.198.156
793,Ivy,Maryott,imaryottm0@joomla.org,Female,151.235.66.134
794,Mayne,O' Neligan,moneliganm1@admin.ch,Male,121.60.191.158
795,Rosabella,Pharoah,rpharoahm2@cbsnews.com,Female,215.80.64.123
796,Fredi,Randales,frandalesm3@networksolutions.com,Female,171.247.53.124
797,Merv,O' Loughran,moloughranm4@biglobe.ne.jp,Male,72.215.251.224
798,Jareb,Scranny,jscrannym5@rambler.ru,Male,201.12.188.145
799,Barnabas,Scorton,bscortonm6@ox.ac.uk,Male,95.46.94.239
800,Stormy,Cawthorn,scawthornm7@symantec.com,Female,102.44.92.230
801,Ryan,Stavers,rstaversm8@youku.com,Male,26.85.251.188
802,Tann,Drewe,tdrewem9@bbb.org,Male,199.8.24.29
803,Cathrin,Presnall,cpresnallma@cbc.ca,Female,87.50.102.140
804,Carmella,Scutcheon,cscutcheonmb@123-reg.co.uk,Female,128.60.252.6
805,Dale,Duffield,dduffieldmc@instagram.com,Male,157.68.254.81
806,Dasie,Beswell,dbeswellmd@shinystat.com,Female,245.244.128.101
807,Fleming,Smallridge,fsmallridgeme@cdc.gov,Male,90.165.248.104
808,Jennica,D'Ruel,jdruelmf@senate.gov,Female,114.85.10.170
809,Horst,Evenden,hevendenmg@imdb.com,Male,229.18.94.141
810,Leroy,Vonderdell,lvonderdellmh@biblegateway.com,Male,80.211.80.70
811,Ab,Hurdidge,ahurdidgemi@bluehost.com,Male,248.252.238.182
812,Mattheus,Dahler,mdahlermj@springer.com,Male,176.203.42.199
813,Gwenora,Brookton,gbrooktonmk@naver.com,Female,70.37.88.7
814,Sheff,Maslin,smaslinml@blogspot.com,Male,24.18.81.82
815,Britt,Beet,bbeetmm@rambler.ru,Male,236.137.22.33
816,Wain,Pettigree,wpettigreemn@google.com.hk,Male,153.135.166.34
817,Rachel,Swigg,rswiggmo@cam.ac.uk,Female,68.87.217.38
818,Oralla,Ianni,oiannimp@sourceforge.net,Female,32.235.255.175
819,Laura,Ritchings,lritchingsmq@networkadvertising.org,Female,59.124.124.24
820,Bettine,Sanbroke,bsanbrokemr@tripod.com,Female,247.98.216.238
821,Gerladina,McBryde,gmcbrydems@jigsy.com,Genderqueer,119.138.34.203
822,Corney,Glastonbury,cglastonburymt@usgs.gov,Polygender,60.242.212.52
823,Lebbie,Prator,lpratormu@census.gov,Female,168.52.31.149
824,Shell,Scarce,sscarcemv@deliciousdays.com,Genderfluid,252.219.44.163
825,Tucker,Poller,tpollermw@prlog.org,Male,143.144.129.221
826,Mellisa,Harwin,mharwinmx@xing.com,Female,7.43.55.73
827,Claudine,Wolfenden,cwolfendenmy@mashable.com,Female,26.96.82.0
828,Stacia,Asee,saseemz@aboutads.info,Female,192.61.84.2
829,Kane,Schult,kschultn0@pinterest.com,Male,3.249.64.188
830,Britni,Simison,bsimisonn1@noaa.gov,Female,134.212.90.50
831,Maurene,Harverson,mharversonn2@com.com,Female,235.101.200.137
832,Melany,Stepto,mstepton3@marriott.com,Female,140.80.64.163
833,Goddard,Smolan,gsmolann4@webmd.com,Male,216.112.197.34
834,Ambrosio,Newens,anewensn5@tumblr.com,Male,161.191.175.238
835,Hale,Hernik,hhernikn6@prlog.org,Male,13.86.6.144
836,Jamey,Tomkiss,jtomkissn7@utexas.edu,Male,3.88.67.31
837,Carleen,Huxster,chuxstern8@reference.com,Agender,122.187.254.167
838,Arnold,Libby,alibbyn9@businessinsider.com,Male,32.5.246.116
839,Vinita,Whitrod,vwhitrodna@scribd.com,Female,190.42.26.19
840,Gilli,Hadley,ghadleynb@uol.com.br,Female,19.158.133.139
841,Van,Bredes,vbredesnc@aboutads.info,Male,202.174.61.128
842,Kincaid,Bricham,kbrichamnd@ebay.com,Male,143.58.165.170
843,Giles,De Vaan,gdevaanne@hostgator.com,Male,10.245.80.117
844,Norine,Booler,nboolernf@tuttocitta.it,Female,56.176.139.138
845,Arleyne,Dabinett,adabinettng@admin.ch,Female,154.26.205.105
846,Rob,Douthwaite,rdouthwaitenh@joomla.org,Male,67.128.197.118
847,Bobbette,Comport,bcomportni@economist.com,Female,101.85.172.225
848,Logan,Bodemeaid,lbodemeaidnj@google.pl,Male,123.239.82.244
849,Gustavo,Jerrim,gjerrimnk@marriott.com,Male,102.65.174.146
850,Herby,Haddinton,hhaddintonnl@nbcnews.com,Genderqueer,219.70.252.107
851,Hallsy,Carson,hcarsonnm@canalblog.com,Agender,38.153.206.238
852,Rivkah,Jendrich,rjendrichnn@purevolume.com,Female,124.57.217.96
853,Timothee,Jarred,tjarredno@angelfire.com,Male,110.186.76.201
854,Errol,Hatrey,ehatreynp@disqus.com,Genderqueer,119.216.206.130
855,Monroe,Common,mcommonnq@studiopress.com,Male,65.106.204.89
856,Hildy,Kohnen,hkohnennr@biblegateway.com,Female,66.101.107.33
857,Albie,Cudihy,acudihyns@ocn.ne.jp,Male,255.65.54.16
858,Isidore,Otton,iottonnt@prlog.org,Male,249.67.224.210
859,Abby,Culp,aculpnu@salon.com,Female,56.193.60.188
860,Gerrard,Cordeau,gcordeaunv@nasa.gov,Male,65.108.39.165
861,Waylan,Caveill,wcaveillnw@biblegateway.com,Male,20.222.99.225
862,Horatius,Bampkin,hbampkinnx@biglobe.ne.jp,Male,182.144.113.182
863,Alfy,Napoleone,anapoleoneny@csmonitor.com,Male,111.88.152.117
864,Darcy,Francisco,dfrancisconz@prlog.org,Female,116.85.91.176
865,Carlin,Dransfield,cdransfieldo0@trellian.com,Female,252.184.137.81
866,Tab,Dullard,tdullardo1@dagondesign.com,Male,165.126.14.114
867,Micki,Pittendreigh,mpittendreigho2@odnoklassniki.ru,Genderqueer,54.179.67.2
868,Mirabel,Choke,mchokeo3@tiny.cc,Female,47.173.132.30
869,Haley,Got,hgoto4@liveinternet.ru,Male,184.15.22.131
870,Nikki,Hartland,nhartlando5@angelfire.com,Male,101.86.16.90
871,Brenna,Pagen,bpageno6@ezinearticles.com,Female,231.248.215.74
872,Joni,Coite,jcoiteo7@hao123.com,Female,135.16.63.104
873,Antonius,O' Cloney,aocloneyo8@engadget.com,Male,177.134.139.191
874,Steven,Ostrich,sostricho9@rambler.ru,Male,149.108.96.224
875,Johanna,Prester,jpresteroa@marketwatch.com,Female,229.6.203.70
876,Cherilynn,Tomalin,ctomalinob@sfgate.com,Female,113.215.72.220
877,Sada,Label,slabeloc@usa.gov,Female,234.56.194.4
878,Brewster,Sherewood,bsherewoodod@csmonitor.com,Male,180.209.209.16
879,Bone,Martinez,bmartinezoe@about.me,Male,131.229.137.126
880,Alberta,Irlam,airlamof@rediff.com,Female,87.228.69.157
881,Ariana,Kropach,akropachog@xinhuanet.com,Female,160.95.129.91
882,Trumaine,Hyder,thyderoh@altervista.org,Male,24.155.23.131
883,Christan,Klagge,cklaggeoi@1und1.de,Female,176.57.78.128
884,Margalo,Tartt,mtarttoj@purevolume.com,Female,237.25.60.123
885,Binni,Di Biaggi,bdibiaggiok@dyndns.org,Female,14.18.5.217
886,Cherish,Oakwell,coakwellol@homestead.com,Female,207.50.158.78
887,Marybelle,Rounds,mroundsom@artisteer.com,Female,239.128.101.102
888,Mela,Haynesford,mhaynesfordon@yahoo.co.jp,Female,207.175.124.107
889,Lorettalorna,Wildber,lwildberoo@ovh.net,Female,233.66.86.174
890,Rupert,Tothacot,rtothacotop@go.com,Male,108.233.216.32
891,Alva,Goudy,agoudyoq@over-blog.com,Male,104.231.128.63
892,Kimberlee,Huddles,khuddlesor@imgur.com,Female,199.58.40.179
893,Hana,Wilce,hwilceos@wunderground.com,Polygender,50.244.32.99
894,Alphard,Faunt,afauntot@hostgator.com,Male,150.52.2.127
895,Osborn,Danis,odanisou@samsung.com,Male,53.46.241.39
896,Oralie,Potte,opotteov@arstechnica.com,Female,242.244.214.234
897,Reece,Pechard,rpechardow@slate.com,Male,204.234.134.185
898,Xerxes,Angliss,xanglissox@netvibes.com,Male,52.156.240.82
899,Cindie,Doble,cdobleoy@mozilla.org,Female,60.184.61.214
900,Sharai,Jeroch,sjerochoz@fastcompany.com,Female,244.19.120.251
901,Marji,Skim,mskimp0@oracle.com,Female,18.197.148.108
902,Conchita,Lowton,clowtonp1@arstechnica.com,Female,140.19.64.105
903,Lorne,Castellino,lcastellinop2@deviantart.com,Male,30.37.208.33
904,Stephani,Parkyns,sparkynsp3@reference.com,Female,17.34.30.222
905,Bronny,Burness,bburnessp4@microsoft.com,Genderfluid,73.243.44.185
906,Kincaid,Seldon,kseldonp5@nationalgeographic.com,Male,18.193.216.202
907,Rycca,Glaysher,rglaysherp6@nhs.uk,Female,43.217.209.196
908,Gail,Moggle,gmogglep7@house.gov,Female,176.138.110.182
909,Tarrah,Hartlebury,thartleburyp8@army.mil,Female,9.235.113.255
910,Vitia,Trytsman,vtrytsmanp9@odnoklassniki.ru,Female,181.252.109.32
911,Pegeen,Wavish,pwavishpa@jigsy.com,Female,26.141.196.67
912,Gardy,Drysdall,gdrysdallpb@geocities.com,Male,49.116.105.141
913,Greggory,Bosma,gbosmapc@newsvine.com,Male,148.51.143.192
914,Ike,Burbury,iburburypd@parallels.com,Male,44.231.175.156
915,Judy,Whitta,jwhittape@independent.co.uk,Female,70.105.147.1
916,Ashleigh,Long,alongpf@ocn.ne.jp,Female,238.249.114.19
917,Georgy,Clavey,gclaveypg@yellowpages.com,Male,227.222.207.40
918,Randi,Dyster,rdysterph@flickr.com,Genderqueer,177.203.62.241
919,Augustus,Coulthard,acoulthardpi@elpais.com,Male,26.177.192.142
920,Paolo,Van den Oord,pvandenoordpj@rambler.ru,Male,204.65.21.87
921,Dody,Thomazin,dthomazinpk@miitbeian.gov.cn,Female,135.17.152.213
922,Ernst,Idle,eidlepl@wisc.edu,Male,170.33.231.131
923,Thedrick,Gowans,tgowanspm@fema.gov,Male,44.1.127.169
924,Jelene,Walkinshaw,jwalkinshawpn@networkadvertising.org,Female,133.179.233.249
925,Dallas,Ingreda,dingredapo@skype.com,Female,18.167.191.154
926,Mickie,Chadburn,mchadburnpp@weibo.com,Male,98.248.27.14
927,Josiah,Olenikov,jolenikovpq@linkedin.com,Male,217.89.194.188
928,Butch,Ilyunin,bilyuninpr@umich.edu,Male,236.5.46.132
929,Bendicty,Michele,bmicheleps@upenn.edu,Male,129.231.113.159
930,Inessa,Grishukhin,igrishukhinpt@archive.org,Female,70.52.52.109
931,Marthe,Rickardsson,mrickardssonpu@apple.com,Female,152.149.122.90
932,Edmund,Fewtrell,efewtrellpv@printfriendly.com,Male,107.105.150.18
933,Nickola,Castel,ncastelpw@gizmodo.com,Male,125.6.10.55
934,Denny,Nicklen,dnicklenpx@whitehouse.gov,Female,184.94.181.219
935,Harli,Potte,hpottepy@domainmarket.com,Female,112.60.211.50
936,Taylor,Eidler,teidlerpz@ted.com,Male,163.105.34.139
937,Mano,Falks,mfalksq0@house.gov,Male,201.147.5.80
938,Kristoforo,Penning,kpenningq1@sina.com.cn,Male,166.130.9.212
939,Abelard,Murgatroyd,amurgatroydq2@weather.com,Male,28.76.153.83
940,Rosabella,Carpenter,rcarpenterq3@list-manage.com,Female,188.45.139.98
941,Nance,Kubecka,nkubeckaq4@meetup.com,Female,21.205.147.21
942,Quillan,Tollfree,qtollfreeq5@wordpress.com,Genderqueer,66.230.201.57
943,Ashlin,Dye,adyeq6@mozilla.org,Male,226.37.229.31
944,Renault,Rudeforth,rrudeforthq7@wikia.com,Male,29.215.181.148
945,Samaria,Migheli,smigheliq8@webeden.co.uk,Female,42.196.41.13
946,Douglas,Wurz,dwurzq9@baidu.com,Non-binary,98.227.54.78
947,Marcellus,Phillott,mphillottqa@qq.com,Male,4.114.125.41
948,Charity,Oxlade,coxladeqb@cnet.com,Female,9.157.108.122
949,Emlyn,De Courtney,edecourtneyqc@amazon.com,Male,213.223.89.226
950,Marylinda,Martignon,mmartignonqd@g.co,Female,53.41.84.24
951,Diarmid,Coaker,dcoakerqe@cbc.ca,Male,183.199.158.96
952,Fancie,Cadwell,fcadwellqf@multiply.com,Female,26.134.187.114
953,Rhianon,Babon,rbabonqg@ft.com,Female,149.207.15.90
954,Armand,Iacoviello,aiacovielloqh@tripod.com,Male,222.146.119.191
955,Claudia,Crowley,ccrowleyqi@example.com,Female,108.35.43.182
956,Urbain,Kerins,ukerinsqj@who.int,Male,242.5.235.38
957,Lane,Tume,ltumeqk@usnews.com,Male,14.238.100.108
958,Alistair,Mc-Kerley,amckerleyql@csmonitor.com,Male,127.8.234.153
959,Winnah,Craigs,wcraigsqm@weather.com,Female,120.123.42.46
960,Carena,Spicer,cspicerqn@furl.net,Female,176.40.165.139
961,Kori,Weald,kwealdqo@reddit.com,Genderfluid,94.179.196.231
962,Ginnie,Waddingham,gwaddinghamqp@twitter.com,Female,147.190.0.228
963,Addie,Cavy,acavyqq@yelp.com,Female,254.162.232.181
964,Temple,Bamborough,tbamboroughqr@prnewswire.com,Male,110.148.24.158
965,Krishnah,Blaylock,kblaylockqs@istockphoto.com,Male,100.228.171.107
966,Chancey,Epperson,ceppersonqt@unicef.org,Male,246.196.161.188
967,Michele,Carbery,mcarberyqu@xrea.com,Male,56.25.24.231
968,Anna-diana,Ransfield,aransfieldqv@businessweek.com,Female,206.77.234.110
969,Tobiah,Arlet,tarletqw@yelp.com,Male,244.251.150.97
970,Ferne,Saddleton,fsaddletonqx@odnoklassniki.ru,Female,165.232.226.19
971,Kali,Franceschi,kfranceschiqy@noaa.gov,Female,200.46.128.148
972,Valentine,Salvidge,vsalvidgeqz@topsy.com,Male,51.249.86.155
973,Minda,Simoneschi,msimoneschir0@linkedin.com,Genderfluid,131.144.7.153
974,Pet,Lyvon,plyvonr1@goo.ne.jp,Female,190.183.200.123
975,Millicent,Yitzhak,myitzhakr2@bloglovin.com,Female,116.118.100.188
976,Dorotea,Borlease,dborleaser3@amazon.co.jp,Bigender,60.61.167.97
977,Leighton,Coulman,lcoulmanr4@google.co.jp,Male,11.37.165.89
978,Bartel,Axel,baxelr5@ucoz.ru,Male,41.112.190.167
979,Isabelita,Blaxeland,iblaxelandr6@usda.gov,Female,13.161.166.205
980,Galvin,Karpman,gkarpmanr7@google.de,Male,234.249.17.87
981,Hollie,Rylands,hrylandsr8@eventbrite.com,Female,214.160.147.80
982,Brnaba,Poynor,bpoynorr9@digg.com,Male,229.135.170.50
983,Andros,Lauga,alaugara@mapquest.com,Male,157.81.244.214
984,Falito,Sammon,fsammonrb@bigcartel.com,Genderqueer,232.24.114.36
985,Carmelle,McLemon,cmclemonrc@studiopress.com,Female,61.55.97.51
986,Horacio,Pogson,hpogsonrd@bigcartel.com,Male,238.220.82.226
987,Martino,Annandale,mannandalere@surveymonkey.com,Male,57.141.10.1
988,Jillayne,Kitcat,jkitcatrf@examiner.com,Female,45.69.242.78
989,Bertine,Frantzeni,bfrantzenirg@posterous.com,Female,38.176.239.112
990,Francesco,Arrundale,farrundalerh@geocities.jp,Male,40.18.206.84
991,Clarisse,Sprade,cspraderi@de.vu,Female,143.104.154.195
992,Gracia,Biaggioni,gbiaggionirj@istockphoto.com,Female,54.164.82.141
993,Paola,Whebell,pwhebellrk@eepurl.com,Agender,76.124.166.197
994,Minny,Sarvar,msarvarrl@tiny.cc,Female,37.146.231.213
995,Filberte,Cocke,fcockerm@ft.com,Male,68.13.244.140
996,Nariko,Beckham,nbeckhamrn@themeforest.net,Female,171.83.105.14
997,Kevyn,Mansford,kmansfordro@usgs.gov,Female,248.109.15.17
998,Tamas,Tibols,ttibolsrp@google.cn,Male,151.99.209.215
999,Evangeline,Noyes,enoyesrq@un.org,Female,28.122.188.161
1000,Carlie,Patron,cpatronrr@storify.com,Female,15.17.121.153
